{"cameraMode":{"drawMode":0,"name":"Shaded","section":"Shading Mode"},"sceneLighting":false,"audioPlay":false,"sceneViewState":{"showFog":true,"showMaterialUpdate":false,"showSkybox":false,"showFlares":true,"showImageEffects":true,"showParticleSystems":true},"in2DMode":false,"pivot":{"x":-5.189000129699707,"y":0.41895753145217898,"z":-6.210000038146973},"rotation":{"x":0.11795985698699951,"y":0.09847740828990936,"z":-0.011734582483768464,"w":0.9881591200828552},"size":0.5260739922523499,"orthographic":false}