{"cameraMode":{"drawMode":0,"name":"Shaded","section":"Shading Mode"},"sceneLighting":false,"audioPlay":false,"sceneViewState":{"showFog":true,"showMaterialUpdate":false,"showSkybox":false,"showFlares":true,"showImageEffects":true,"showParticleSystems":true},"in2DMode":false,"pivot":{"x":7.594910144805908,"y":-1.0305899381637574,"z":23.065250396728517},"rotation":{"x":0.03271082043647766,"y":0.18811476230621339,"z":-0.006270954851061106,"w":0.9816958904266357},"size":19.070404052734376,"orthographic":false}